ticket_id,data_abertura,status,prioridade,tipo_ticket,cliente,sgdb,ambiente,servidor,tempo_resolucao_horas
56435,2026-01-08 11:04:11+00:00,Aguardando o cliente,Baixa,Checklist,SNCBDO01,Oracle,Outro,,1.9725
56432,2026-01-08 11:00:12+00:00,Aguardando o cliente,Baixa,Checklist,MILLS,Oracle,Produção,,2.776111111111111
56431,2026-01-08 11:00:01+00:00,Aguardando o cliente,Baixa,Checklist,A NOSSA DROGARIA,Sql Server,Produção,,1.4913888888888889
56427,2026-01-08 10:12:41+00:00,Aguardando o cliente,Baixa,Checklist,MILLS,Oracle,Produção,,3.9230555555555555
56426,2026-01-08 10:05:55+00:00,Aguardando o cliente,Baixa,Checklist,NAO IDENTIFICADO,Sql Server,Produção,SES-SQL-PRD\BI,2.401388888888889
56425,2026-01-08 10:03:52+00:00,Aguardando o cliente,Baixa,Checklist,MILLS,Oracle,Produção,,4.061111111111111
56424,2026-01-08 10:00:14+00:00,Aguardando o cliente,Baixa,Checklist,MILLS,Oracle,Produção,,4.149444444444445
56423,2026-01-08 10:00:08+00:00,Aguardando o cliente,Baixa,Checklist,MILLS,Oracle,Produção,,4.158888888888889
56420,2026-01-08 10:00:04+00:00,Aguardando o cliente,Baixa,Checklist,MILLS,Oracle,Produção,,4.4125
56422,2026-01-08 10:00:04+00:00,Aguardando o cliente,Baixa,Checklist,MILLS,Oracle,Produção,,4.4127777777777775
56421,2026-01-08 10:00:04+00:00,Aguardando o cliente,Baixa,Checklist,MILLS,Oracle,Produção,,4.4127777777777775
56418,2026-01-08 10:00:03+00:00,Aguardando o cliente,Baixa,Checklist,MILLS,Oracle,Produção,,4.4127777777777775
56419,2026-01-08 10:00:03+00:00,Aguardando o cliente,Baixa,Checklist,MILLS,Oracle,Produção,,4.4127777777777775
56417,2026-01-08 09:55:51+00:00,Aguardando o cliente,Baixa,Checklist,NAO IDENTIFICADO,Sql Server,Produção,SRVBD,2.578333333333333
56416,2026-01-08 09:55:50+00:00,Aguardando o cliente,Baixa,Checklist,NAO IDENTIFICADO,Sql Server,Produção,SES-CLO-BD-SER,2.585277777777778
56415,2026-01-08 09:55:48+00:00,Aguardando o cliente,Baixa,Checklist,NAO IDENTIFICADO,Sql Server,Produção,SES-SQL-PRD,2.5919444444444446
56414,2026-01-08 09:55:47+00:00,Aguardando o cliente,Baixa,Checklist,NAO IDENTIFICADO,Sql Server,Produção,CALIFORNIA,2.6180555555555554
56413,2026-01-08 09:55:14+00:00,Aguardando o cliente,Baixa,Checklist,NAO IDENTIFICADO,Sql Server,Produção,SRVBDCD,2.633888888888889
56412,2026-01-08 09:55:12+00:00,Aguardando o cliente,Baixa,Checklist,NAO IDENTIFICADO,Sql Server,Produção,SRVBDADM,2.6444444444444444
56411,2026-01-08 09:55:11+00:00,Aguardando o cliente,Baixa,Checklist,NAO IDENTIFICADO,Sql Server,Produção,SRVBDADM\BI,2.6744444444444446
56410,2026-01-08 09:55:10+00:00,Aguardando o cliente,Baixa,Checklist,NAO IDENTIFICADO,Oracle,Outro,SMLSAWSSQLVP01,4.502222222222223
56409,2026-01-08 09:55:09+00:00,Aguardando o cliente,Baixa,Checklist,NAO IDENTIFICADO,Sql Server,Produção,SRVBDADM\PACK,2.665277777777778
56408,2026-01-08 09:55:08+00:00,Aguardando o cliente,Baixa,Checklist,NAO IDENTIFICADO,Sql Server,Produção,SRVBDADM\BIMER,2.6875
56407,2026-01-08 09:51:37+00:00,Aguardando o cliente,Baixa,Checklist,MILLS,Oracle,Produção,,4.553333333333334
56387,2026-01-07 11:55:08+00:00,Aguardando o cliente,Baixa,Checklist,NAO IDENTIFICADO,Sql Server,Produção,EC2AMAZ-KTTVFEL,0.8936111111111111
56385,2026-01-07 11:00:15+00:00,Aguardando o cliente,Baixa,Checklist,A NOSSA DROGARIA,Sql Server,Produção,,1.8152777777777778
56384,2026-01-07 11:00:11+00:00,Aguardando o cliente,Baixa,Checklist,MILLS,Oracle,Produção,,1.2852777777777777
56380,2026-01-07 10:12:46+00:00,Aguardando o cliente,Baixa,Checklist,MILLS,Oracle,Produção,,2.0794444444444444
56379,2026-01-07 10:04:09+00:00,Aguardando o cliente,Baixa,Checklist,NAO IDENTIFICADO,Sql Server,Produção,SES-SQL-PRD\BI,2.7602777777777776
56378,2026-01-07 10:03:47+00:00,Aguardando o cliente,Baixa,Checklist,MILLS,Oracle,Produção,,2.2308333333333334
56377,2026-01-07 10:00:15+00:00,Aguardando o cliente,Baixa,Checklist,MILLS,Oracle,Produção,,2.293888888888889
56376,2026-01-07 10:00:10+00:00,Aguardando o cliente,Baixa,Checklist,MILLS,Oracle,Produção,,2.2975
56374,2026-01-07 10:00:04+00:00,Aguardando o cliente,Baixa,Checklist,MILLS,Oracle,Produção,,2.303611111111111
56375,2026-01-07 10:00:04+00:00,Aguardando o cliente,Baixa,Checklist,MILLS,Oracle,Produção,,2.3016666666666667
56373,2026-01-07 10:00:04+00:00,Aguardando o cliente,Baixa,Checklist,MILLS,Oracle,Produção,,2.3408333333333333
56372,2026-01-07 10:00:03+00:00,Aguardando o cliente,Baixa,Checklist,MILLS,Oracle,Produção,,2.3444444444444446
56371,2026-01-07 10:00:03+00:00,Aguardando o cliente,Baixa,Checklist,MILLS,Oracle,Produção,,2.3497222222222223
56370,2026-01-07 09:56:05+00:00,Aguardando o cliente,Baixa,Checklist,NAO IDENTIFICADO,Sql Server,Produção,SRVBD,2.9055555555555554
56369,2026-01-07 09:55:31+00:00,Aguardando o cliente,Baixa,Checklist,NAO IDENTIFICADO,Sql Server,Produção,SES-CLO-BD-SER,3.3716666666666666
56368,2026-01-07 09:55:30+00:00,Aguardando o cliente,Baixa,Checklist,NAO IDENTIFICADO,Sql Server,Produção,SES-SQL-PRD,2.923888888888889
56367,2026-01-07 09:55:28+00:00,Aguardando o cliente,Baixa,Checklist,NAO IDENTIFICADO,Sql Server,Produção,CALIFORNIA,2.931111111111111
56366,2026-01-07 09:55:27+00:00,Aguardando o cliente,Baixa,Checklist,NAO IDENTIFICADO,Sql Server,Produção,SRVBDCD,3.379722222222222
56365,2026-01-07 09:55:26+00:00,Aguardando o cliente,Baixa,Checklist,NAO IDENTIFICADO,Sql Server,Produção,SRVBDADM,3.3866666666666667
56364,2026-01-07 09:55:25+00:00,Aguardando o cliente,Baixa,Checklist,NAO IDENTIFICADO,Sql Server,Produção,SRVBDADM\BI,2.4155555555555557
56363,2026-01-07 09:55:23+00:00,Aguardando o cliente,Baixa,Checklist,NAO IDENTIFICADO,Sql Server,Produção,SRVBDADM\PACK,2.408611111111111
56362,2026-01-07 09:55:22+00:00,Aguardando o cliente,Baixa,Checklist,NAO IDENTIFICADO,Sql Server,Produção,SRVBDADM\BIMER,2.401666666666667
56360,2026-01-07 09:51:22+00:00,Aguardando o cliente,Baixa,Checklist,MILLS,Oracle,Produção,,2.4963888888888888
56335,2026-01-06 13:44:37+00:00,Aguardando o cliente,Baixa,Checklist,NAO IDENTIFICADO,Oracle,,SMLSAWSSQLVP01,0.11666666666666667
56334,2026-01-06 11:03:38+00:00,Aguardando o cliente,Baixa,Checklist,SNCBDO01,Oracle,Produção,,1.6325
56333,2026-01-06 11:00:32+00:00,Aguardando o cliente,Baixa,Checklist,A NOSSA DROGARIA,Sql Server,Produção,,2.6461111111111113
56332,2026-01-06 11:00:12+00:00,Aguardando o cliente,Baixa,Checklist,MILLS,Oracle,Produção,,2.863611111111111
56328,2026-01-06 10:13:09+00:00,Aguardando o cliente,Baixa,Checklist,MILLS,Oracle,Produção,,3.6572222222222224
56327,2026-01-06 10:04:24+00:00,Aguardando o cliente,Baixa,Checklist,NAO IDENTIFICADO,Sql Server,Produção,SES-SQL-PRD\BI,3.5883333333333334
56326,2026-01-06 10:03:44+00:00,Aguardando o cliente,Baixa,Checklist,MILLS,Oracle,Produção,,3.8225
56325,2026-01-06 10:00:13+00:00,Aguardando o cliente,Baixa,Checklist,MILLS,Oracle,Produção,,4.412222222222222
56324,2026-01-06 10:00:08+00:00,Aguardando o cliente,Baixa,Checklist,MILLS,Oracle,Produção,,4.170555555555556
56321,2026-01-06 10:00:04+00:00,Aguardando o cliente,Baixa,Checklist,MILLS,Oracle,Produção,,4.163333333333333
56322,2026-01-06 10:00:04+00:00,Aguardando o cliente,Baixa,Checklist,MILLS,Oracle,Produção,,4.164722222222222
56323,2026-01-06 10:00:04+00:00,Aguardando o cliente,Baixa,Checklist,MILLS,Oracle,Produção,,4.167777777777777
56320,2026-01-06 10:00:03+00:00,Aguardando o cliente,Baixa,Checklist,MILLS,Oracle,Produção,,4.156944444444444
56319,2026-01-06 10:00:03+00:00,Aguardando o cliente,Baixa,Checklist,MILLS,Oracle,Produção,,4.409166666666667
56318,2026-01-06 09:55:51+00:00,Aguardando o cliente,Baixa,Checklist,NAO IDENTIFICADO,Sql Server,Produção,SRVBD,3.738611111111111
56317,2026-01-06 09:55:49+00:00,Aguardando o cliente,Baixa,Checklist,NAO IDENTIFICADO,Sql Server,Produção,SES-CLO-BD-SER,3.7583333333333333
56316,2026-01-06 09:55:48+00:00,Aguardando o cliente,Baixa,Checklist,NAO IDENTIFICADO,Sql Server,Produção,SES-SQL-PRD,3.772777777777778
56315,2026-01-06 09:55:14+00:00,Aguardando o cliente,Baixa,Checklist,NAO IDENTIFICADO,Sql Server,Produção,SRVBDADM,3.901388888888889
56314,2026-01-06 09:55:13+00:00,Aguardando o cliente,Baixa,Checklist,NAO IDENTIFICADO,Sql Server,Produção,CALIFORNIA,6.454444444444444
56313,2026-01-06 09:55:11+00:00,Aguardando o cliente,Baixa,Checklist,NAO IDENTIFICADO,Sql Server,Produção,SRVBDCD,6.461111111111111
56311,2026-01-06 09:55:10+00:00,Aguardando o cliente,Baixa,Checklist,NAO IDENTIFICADO,Oracle,Produção,SMLSAWSSQLVP01,4.493055555555555
56312,2026-01-06 09:55:10+00:00,Aguardando o cliente,Baixa,Checklist,NAO IDENTIFICADO,Sql Server,Produção,SRVBDADM\BIMER,6.467222222222222
56310,2026-01-06 09:55:09+00:00,Aguardando o cliente,Baixa,Checklist,NAO IDENTIFICADO,Sql Server,Produção,SRVBDADM\BI,6.4825
56309,2026-01-06 09:55:07+00:00,Aguardando o cliente,Baixa,Checklist,NAO IDENTIFICADO,Sql Server,Produção,SRVBDADM\PACK,6.475555555555555
56308,2026-01-06 09:51:38+00:00,Aguardando o cliente,Baixa,Checklist,MILLS,Oracle,Produção,,2.9716666666666667
56278,2026-01-05 11:04:24+00:00,Aguardando o cliente,Baixa,Checklist,SNCBDO01,Sql Server,Produção,,0.41083333333333333
56277,2026-01-05 11:00:50+00:00,Aguardando o cliente,Baixa,Checklist,A NOSSA DROGARIA,Sql Server,Produção,,0.7169444444444445
56276,2026-01-05 11:00:09+00:00,Aguardando o cliente,Baixa,Checklist,MILLS,Sql Server,Produção,,0.5069444444444444
56272,2026-01-05 10:13:01+00:00,Aguardando o cliente,Baixa,Checklist,MILLS,Sql Server,Produção,,1.351388888888889
56271,2026-01-05 10:04:43+00:00,Aguardando o cliente,Baixa,Checklist,NAO IDENTIFICADO,Sql Server,Produção,SES-SQL-PRD\BI,1.6575
56270,2026-01-05 10:03:52+00:00,Aguardando o cliente,Baixa,Checklist,MILLS,Sql Server,Produção,,1.5108333333333333
56269,2026-01-05 10:00:13+00:00,Aguardando o cliente,Baixa,Checklist,MILLS,Sql Server,Produção,,1.6069444444444445
56268,2026-01-05 10:00:13+00:00,Aguardando o cliente,Baixa,Checklist,MILLS,Sql Server,Produção,,1.6458333333333333
56264,2026-01-05 10:00:04+00:00,Aguardando o cliente,Baixa,Checklist,MILLS,Sql Server,Produção,,1.603888888888889
56265,2026-01-05 10:00:04+00:00,Aguardando o cliente,Baixa,Checklist,MILLS,Sql Server,Produção,,1.6580555555555556
56267,2026-01-05 10:00:04+00:00,Aguardando o cliente,Baixa,Checklist,MILLS,Sql Server,Produção,,1.6580555555555556
56266,2026-01-05 10:00:04+00:00,Aguardando o cliente,Baixa,Checklist,MILLS,Sql Server,Produção,,1.6580555555555556
56263,2026-01-05 10:00:04+00:00,Aguardando o cliente,Baixa,Checklist,MILLS,Sql Server,Produção,,1.5988888888888888
56262,2026-01-05 09:56:09+00:00,Aguardando o cliente,Baixa,Checklist,NAO IDENTIFICADO,Sql Server,Produção,SRVBD,1.8058333333333334
56261,2026-01-05 09:55:36+00:00,Aguardando o cliente,Baixa,Checklist,NAO IDENTIFICADO,Sql Server,Produção,SES-CLO-BD-SER,1.821388888888889
56260,2026-01-05 09:55:34+00:00,Aguardando o cliente,Baixa,Checklist,NAO IDENTIFICADO,Sql Server,Produção,SES-SQL-PRD,1.8272222222222223
56259,2026-01-05 09:55:32+00:00,Aguardando o cliente,Baixa,Checklist,NAO IDENTIFICADO,Sql Server,Produção,CALIFORNIA,1.8341666666666667
56258,2026-01-05 09:55:31+00:00,Aguardando o cliente,Baixa,Checklist,NAO IDENTIFICADO,Sql Server,Produção,SRVBDADM,1.8597222222222223
56257,2026-01-05 09:55:29+00:00,Aguardando o cliente,Baixa,Checklist,NAO IDENTIFICADO,Sql Server,Produção,SRVBDADM\BI,1.866111111111111
56256,2026-01-05 09:55:28+00:00,Aguardando o cliente,Baixa,Checklist,NAO IDENTIFICADO,Sql Server,Produção,SRVBDCD,1.8852777777777778
56255,2026-01-05 09:55:27+00:00,Aguardando o cliente,Baixa,Checklist,NAO IDENTIFICADO,Sql Server,Produção,SRVBDADM\PACK,1.851388888888889
56254,2026-01-05 09:55:25+00:00,Aguardando o cliente,Baixa,Checklist,NAO IDENTIFICADO,Sql Server,Produção,SRVBDADM\BIMER,1.843611111111111
56253,2026-01-05 09:55:11+00:00,Aguardando o cliente,Baixa,Checklist,NAO IDENTIFICADO,Sql Server,Produção,SMLSAWSSQLVP01,1.5966666666666667
56252,2026-01-05 09:51:32+00:00,Aguardando o cliente,Baixa,Checklist,MILLS,Sql Server,Produção,,1.7280555555555555
56205,2026-01-02 11:03:18+00:00,Aguardando o cliente,Baixa,Checklist,SNCBDO01,Sql Server,Produção,,1.7152777777777777
56203,2026-01-02 11:00:07+00:00,Aguardando o cliente,Baixa,Checklist,MILLS,Sql Server,Produção,,1.8144444444444445
56199,2026-01-02 10:13:27+00:00,Aguardando o cliente,Baixa,Checklist,MILLS,Sql Server,Produção,,2.6133333333333333
56198,2026-01-02 10:03:47+00:00,Aguardando o cliente,Baixa,Checklist,MILLS,Sql Server,Produção,,2.7819444444444446
56196,2026-01-02 10:00:14+00:00,Aguardando o cliente,Baixa,Checklist,MILLS,Sql Server,Produção,,2.852777777777778
56195,2026-01-02 10:00:10+00:00,Aguardando o cliente,Baixa,Checklist,MILLS,Sql Server,Produção,,3.1433333333333335
56194,2026-01-02 10:00:04+00:00,Aguardando o cliente,Baixa,Checklist,MILLS,Sql Server,Produção,,3.1502777777777777
56193,2026-01-02 10:00:03+00:00,Aguardando o cliente,Baixa,Checklist,MILLS,Sql Server,Produção,,3.1552777777777776
56190,2026-01-02 10:00:03+00:00,Aguardando o cliente,Baixa,Checklist,MILLS,Sql Server,Produção,,3.161111111111111
56191,2026-01-02 10:00:03+00:00,Aguardando o cliente,Baixa,Checklist,MILLS,Sql Server,Produção,,3.161111111111111
56192,2026-01-02 10:00:03+00:00,Aguardando o cliente,Baixa,Checklist,MILLS,Sql Server,Produção,,3.161388888888889
56180,2026-01-02 09:55:10+00:00,Aguardando o cliente,Baixa,Checklist,NAO IDENTIFICADO,Sql Server,Produção,SMLSAWSSQLVP01,3.2425
56179,2026-01-02 09:52:25+00:00,Aguardando o cliente,Baixa,Checklist,MILLS,Sql Server,Produção,,3.2883333333333336
56735,2026-01-15 11:03:59+00:00,Aguardando o cliente,Baixa,Checklist,SNCBDO01,Oracle,Produção,,2.3905555555555558
56734,2026-01-15 11:00:12+00:00,Aguardando o cliente,Baixa,Checklist,MILLS,Oracle,Produção,,2.5375
56730,2026-01-15 10:14:34+00:00,Aguardando o cliente,Baixa,Checklist,MILLS,Oracle,Produção,,3.305833333333333
56729,2026-01-15 10:06:51+00:00,Aguardando o cliente,Baixa,Checklist,NAO IDENTIFICADO,Sql Server,Produção,SES-SQL-PRD\BI,3.5633333333333335
56728,2026-01-15 10:03:54+00:00,Aguardando o cliente,Baixa,Checklist,MILLS,Oracle,Produção,,3.698611111111111
56727,2026-01-15 10:00:13+00:00,Aguardando o cliente,Baixa,Checklist,MILLS,Oracle,Produção,,3.8325
56726,2026-01-15 10:00:10+00:00,Aguardando o cliente,Baixa,Checklist,MILLS,Oracle,Produção,,3.838888888888889
56725,2026-01-15 10:00:05+00:00,Aguardando o cliente,Baixa,Checklist,MILLS,Oracle,Produção,,3.854722222222222
56723,2026-01-15 10:00:04+00:00,Aguardando o cliente,Baixa,Checklist,MILLS,Oracle,Produção,,4.136111111111111
56724,2026-01-15 10:00:04+00:00,Aguardando o cliente,Baixa,Checklist,MILLS,Oracle,Produção,,4.052777777777778
56721,2026-01-15 10:00:03+00:00,Aguardando o cliente,Baixa,Checklist,MILLS,Oracle,Produção,,4.149166666666667
56722,2026-01-15 10:00:03+00:00,Aguardando o cliente,Baixa,Checklist,MILLS,Oracle,Produção,,4.146111111111111
56720,2026-01-15 09:56:16+00:00,Aguardando o cliente,Baixa,Checklist,NAO IDENTIFICADO,Sql Server,Produção,SES-CLO-BD-SER,3.7447222222222223
56719,2026-01-15 09:56:15+00:00,Aguardando o cliente,Baixa,Checklist,NAO IDENTIFICADO,Sql Server,Produção,SES-SQL-PRD,4.464722222222222
56718,2026-01-15 09:56:13+00:00,Aguardando o cliente,Baixa,Checklist,NAO IDENTIFICADO,Oracle,Produção,SRVBD,3.8225
56717,2026-01-15 09:56:12+00:00,Aguardando o cliente,Baixa,Checklist,NAO IDENTIFICADO,Sql Server,Produção,CALIFORNIA,4.921944444444445
56716,2026-01-15 09:55:10+00:00,Aguardando o cliente,Baixa,Checklist,NAO IDENTIFICADO,Oracle,Produção,SMLSAWSSQLVP01,4.942222222222222
56715,2026-01-15 09:55:08+00:00,Aguardando o cliente,Baixa,Checklist,NAO IDENTIFICADO,Sql Server,Produção,SRVBDCD,5.105833333333333
56714,2026-01-15 09:55:06+00:00,Aguardando o cliente,Baixa,Checklist,NAO IDENTIFICADO,Sql Server,Produção,SRVBDADM,4.842222222222222
56713,2026-01-15 09:55:05+00:00,Aguardando o cliente,Baixa,Checklist,NAO IDENTIFICADO,Sql Server,Produção,SRVBDADM\BI,4.8575
56712,2026-01-15 09:55:03+00:00,Aguardando o cliente,Baixa,Checklist,NAO IDENTIFICADO,Sql Server,Produção,SRVBDADM\BIMER,4.951388888888889
56711,2026-01-15 09:55:02+00:00,Aguardando o cliente,Baixa,Checklist,NAO IDENTIFICADO,Sql Server,Produção,SRVBDADM\PACK,4.6325
56710,2026-01-15 09:49:50+00:00,Aguardando o cliente,Baixa,Checklist,MILLS,Oracle,Produção,,4.581111111111111
56684,2026-01-14 11:03:53+00:00,Aguardando o cliente,Baixa,Incidentes,SNCBDO01,Oracle,Produção,,0.6747222222222222
56681,2026-01-14 11:00:12+00:00,Aguardando o cliente,Baixa,Checklist,MILLS,Oracle,Produção,,0.7005555555555556
56677,2026-01-14 10:13:35+00:00,Aguardando o cliente,Baixa,Checklist,MILLS,Oracle,Produção,,1.593888888888889
56676,2026-01-14 10:05:09+00:00,Aguardando o cliente,Baixa,Checklist,NAO IDENTIFICADO,Sql Server,Produção,SES-SQL-PRD\BI,5.622222222222222
56675,2026-01-14 10:03:52+00:00,Aguardando o cliente,Baixa,Checklist,MILLS,Oracle,Produção,,1.7633333333333334
56674,2026-01-14 10:00:13+00:00,Aguardando o cliente,Baixa,Checklist,MILLS,Oracle,Produção,,1.9041666666666666
56673,2026-01-14 10:00:10+00:00,Aguardando o cliente,Baixa,Checklist,MILLS,Oracle,Produção,,1.8905555555555555
56668,2026-01-14 10:00:04+00:00,Aguardando o cliente,Baixa,Checklist,MILLS,Oracle,Produção,,1.9388888888888889
56670,2026-01-14 10:00:04+00:00,Aguardando o cliente,Baixa,Checklist,MILLS,Oracle,Produção,,1.9391666666666667
56671,2026-01-14 10:00:04+00:00,Aguardando o cliente,Baixa,Checklist,MILLS,Oracle,Produção,,1.9391666666666667
56672,2026-01-14 10:00:04+00:00,Aguardando o cliente,Baixa,Checklist,MILLS,Oracle,Produção,,1.9391666666666667
56669,2026-01-14 10:00:04+00:00,Aguardando o cliente,Baixa,Checklist,MILLS,Oracle,Produção,,1.9388888888888889
56667,2026-01-14 09:55:35+00:00,Aguardando o cliente,Baixa,Checklist,NAO IDENTIFICADO,Sql Server,Produção,SES-CLO-BD-SER,9.589166666666667
56666,2026-01-14 09:55:31+00:00,Aguardando o cliente,Baixa,Checklist,NAO IDENTIFICADO,Sql Server,Produção,SRVBD,9.59
56665,2026-01-14 09:55:29+00:00,Aguardando o cliente,Baixa,Checklist,NAO IDENTIFICADO,Sql Server,Produção,SES-SQL-PRD,9.590555555555556
56664,2026-01-14 09:55:28+00:00,Aguardando o cliente,Baixa,Checklist,NAO IDENTIFICADO,Sql Server,Produção,CALIFORNIA,9.590833333333334
56663,2026-01-14 09:55:26+00:00,Aguardando o cliente,Baixa,Checklist,NAO IDENTIFICADO,Sql Server,Produção,SRVBDCD,9.591388888888888
56662,2026-01-14 09:55:24+00:00,Aguardando o cliente,Baixa,Checklist,NAO IDENTIFICADO,Sql Server,Produção,SRVBDADM,9.591944444444444
56661,2026-01-14 09:55:23+00:00,Aguardando o cliente,Baixa,Checklist,NAO IDENTIFICADO,Sql Server,Produção,SRVBDADM\PACK,9.592222222222222
56660,2026-01-14 09:55:21+00:00,Aguardando o cliente,Baixa,Checklist,NAO IDENTIFICADO,Sql Server,Produção,SRVBDADM\BIMER,9.5925
56659,2026-01-14 09:55:20+00:00,Aguardando o cliente,Baixa,Checklist,NAO IDENTIFICADO,Sql Server,Produção,SRVBDADM\BI,9.592777777777778
56658,2026-01-14 09:55:11+00:00,Aguardando o cliente,Baixa,Checklist,NAO IDENTIFICADO,Sql Server,Produção,SMLSAWSSQLVP01,2.0413888888888887
56657,2026-01-14 09:49:50+00:00,Aguardando o cliente,Baixa,Checklist,MILLS,Oracle,Produção,,2.098333333333333
56643,2026-01-13 12:56:34+00:00,Aguardando o cliente,Baixa,Incidentes,NAO IDENTIFICADO,Sql Server,Outro,SMLSAWSSQLVP01,24.003888888888888
56642,2026-01-13 12:54:37+00:00,Aguardando o cliente,Baixa,Checklist,NAO IDENTIFICADO,Sql Server,Produção,SMLSAWSSQLVP01,24.04111111111111
56639,2026-01-13 11:04:54+00:00,Aguardando o cliente,Baixa,Checklist,SNCBDO01,Oracle,Outro,,1.2708333333333333
56638,2026-01-13 11:00:12+00:00,Aguardando o cliente,Baixa,Checklist,MILLS,Oracle,Produção,,1.3658333333333332
56634,2026-01-13 10:13:23+00:00,Aguardando o cliente,Baixa,Checklist,MILLS,Oracle,Produção,,2.185
56632,2026-01-13 10:03:46+00:00,Aguardando o cliente,Baixa,Checklist,MILLS,Oracle,Produção,,2.3475
56631,2026-01-13 10:00:13+00:00,Aguardando o cliente,Baixa,Checklist,MILLS,Oracle,Produção,,2.41
56630,2026-01-13 10:00:09+00:00,Aguardando o cliente,Baixa,Checklist,MILLS,Oracle,Produção,,2.4138888888888888
56628,2026-01-13 10:00:04+00:00,Aguardando o cliente,Baixa,Checklist,MILLS,Oracle,Produção,,2.4411111111111112
56627,2026-01-13 10:00:04+00:00,Aguardando o cliente,Baixa,Checklist,MILLS,Oracle,Produção,,2.448611111111111
56625,2026-01-13 10:00:04+00:00,Aguardando o cliente,Baixa,Checklist,MILLS,Oracle,Produção,,2.448611111111111
56626,2026-01-13 10:00:04+00:00,Aguardando o cliente,Baixa,Checklist,MILLS,Oracle,Produção,,2.448611111111111
56629,2026-01-13 10:00:04+00:00,Aguardando o cliente,Baixa,Checklist,MILLS,Oracle,Produção,,2.423888888888889
56620,2026-01-13 09:55:10+00:00,Aguardando o cliente,Baixa,Checklist,NAO IDENTIFICADO,Sql Server,Produção,SMLSAWSSQLVP01,2.544722222222222
56614,2026-01-13 09:50:44+00:00,Aguardando o cliente,Baixa,Checklist,MILLS,Oracle,Produção,,2.6133333333333333
56597,2026-01-12 13:16:50+00:00,Waiting on Third Party,Baixa,Incidentes,NAO IDENTIFICADO,Oracle,Outro,,0.010833333333333334
56595,2026-01-12 11:03:49+00:00,Aguardando o cliente,Baixa,Checklist,SNCBDO01,Oracle,Produção,,1.5983333333333334
56593,2026-01-12 11:00:12+00:00,Aguardando o cliente,Baixa,Checklist,MILLS,Oracle,Produção,,2.4547222222222222
56589,2026-01-12 10:14:43+00:00,Aguardando o cliente,Baixa,Checklist,MILLS,Oracle,Produção,,3.216666666666667
56587,2026-01-12 10:03:45+00:00,Aguardando o cliente,Baixa,Checklist,MILLS,Oracle,Produção,,3.4025
56586,2026-01-12 10:00:13+00:00,Aguardando o cliente,Baixa,Checklist,MILLS,Oracle,Produção,,3.471111111111111
56585,2026-01-12 10:00:10+00:00,Aguardando o cliente,Baixa,Checklist,MILLS,Oracle,Produção,,3.4744444444444444
56582,2026-01-12 10:00:04+00:00,Aguardando o cliente,Baixa,Checklist,MILLS,Oracle,Produção,,3.6172222222222223
56583,2026-01-12 10:00:04+00:00,Aguardando o cliente,Baixa,Checklist,MILLS,Oracle,Produção,,3.6172222222222223
56584,2026-01-12 10:00:04+00:00,Aguardando o cliente,Baixa,Checklist,MILLS,Oracle,Produção,,3.5925
56581,2026-01-12 10:00:04+00:00,Aguardando o cliente,Baixa,Checklist,MILLS,Oracle,Produção,,3.6172222222222223
56580,2026-01-12 10:00:03+00:00,Aguardando o cliente,Baixa,Checklist,MILLS,Oracle,Produção,,3.6175
56570,2026-01-12 09:55:12+00:00,Aguardando o cliente,Baixa,Checklist,NAO IDENTIFICADO,Sql Server,Outro,SMLSAWSSQLVP01,3.6911111111111112
56569,2026-01-12 09:51:01+00:00,Aguardando o cliente,Baixa,Checklist,MILLS,Oracle,Produção,,3.7680555555555557
56508,2026-01-09 19:44:05+00:00,Aguardando o cliente,Alta,CSI - Continual Service Improvement,NAO IDENTIFICADO,Sql Server,Produção,,400.925
56501,2026-01-09 11:55:07+00:00,Aguardando o cliente,Baixa,Checklist,NAO IDENTIFICADO,Sql Server,Produção,EC2AMAZ-KTTVFEL,1.0758333333333334
56500,2026-01-09 11:04:14+00:00,Aguardando o cliente,Baixa,Checklist,SNCBDO01,Oracle,Produção,,1.9202777777777778
56499,2026-01-09 11:00:12+00:00,Aguardando o cliente,Baixa,Checklist,MILLS,Oracle,Produção,,2.004166666666667
56498,2026-01-09 11:00:08+00:00,Aguardando o cliente,Baixa,Checklist,A NOSSA DROGARIA,Sql Server,Produção,,1.9997222222222222
56494,2026-01-09 10:13:25+00:00,Aguardando o cliente,Baixa,Checklist,MILLS,Oracle,Produção,,2.819166666666667
56493,2026-01-09 10:07:02+00:00,Aguardando o cliente,Baixa,Checklist,NAO IDENTIFICADO,Sql Server,Produção,SES-SQL-PRD\BI,2.8941666666666666
56492,2026-01-09 10:03:51+00:00,Aguardando o cliente,Baixa,Checklist,MILLS,Oracle,Produção,,2.995833333333333
56491,2026-01-09 10:00:13+00:00,Aguardando o cliente,Baixa,Checklist,MILLS,Oracle,Produção,,3.062222222222222
56490,2026-01-09 10:00:09+00:00,Aguardando o cliente,Baixa,Checklist,MILLS,Oracle,Produção,,3.0722222222222224
56488,2026-01-09 10:00:04+00:00,Aguardando o cliente,Baixa,Checklist,MILLS,Oracle,Produção,,5.735277777777778
56489,2026-01-09 10:00:04+00:00,Aguardando o cliente,Baixa,Checklist,MILLS,Oracle,Produção,,5.735277777777778
56485,2026-01-09 10:00:03+00:00,Aguardando o cliente,Baixa,Checklist,MILLS,Oracle,Produção,,3.0877777777777777
56486,2026-01-09 10:00:03+00:00,Aguardando o cliente,Baixa,Checklist,MILLS,Oracle,Produção,,5.735277777777778
56487,2026-01-09 10:00:03+00:00,Aguardando o cliente,Baixa,Checklist,MILLS,Oracle,Produção,,5.735555555555556
56484,2026-01-09 09:55:58+00:00,Aguardando o cliente,Baixa,Checklist,NAO IDENTIFICADO,Sql Server,Produção,SES-CLO-BD-SER,3.0875
56483,2026-01-09 09:55:56+00:00,Aguardando o cliente,Baixa,Checklist,NAO IDENTIFICADO,Sql Server,Produção,SRVBD,3.0944444444444446
56482,2026-01-09 09:55:55+00:00,Aguardando o cliente,Baixa,Checklist,NAO IDENTIFICADO,Sql Server,Produção,SES-SQL-PRD,3.1016666666666666
56481,2026-01-09 09:55:53+00:00,Aguardando o cliente,Baixa,Checklist,NAO IDENTIFICADO,Sql Server,Produção,CALIFORNIA,3.109722222222222
56480,2026-01-09 09:55:52+00:00,Aguardando o cliente,Baixa,Checklist,NAO IDENTIFICADO,Sql Server,Produção,SRVBDCD,3.116388888888889
56479,2026-01-09 09:55:50+00:00,Aguardando o cliente,Baixa,Checklist,NAO IDENTIFICADO,Sql Server,Produção,SRVBDADM\PACK,3.125
56478,2026-01-09 09:55:49+00:00,Aguardando o cliente,Baixa,Checklist,NAO IDENTIFICADO,Sql Server,Produção,SRVBDADM\BIMER,3.1319444444444446
56477,2026-01-09 09:55:47+00:00,Aguardando o cliente,Baixa,Checklist,NAO IDENTIFICADO,Sql Server,Produção,SRVBDADM,3.1394444444444445
56474,2026-01-09 09:50:21+00:00,Aguardando o cliente,Baixa,Checklist,MILLS,Oracle,Produção,,3.129166666666667
57015,2026-01-22 11:00:34+00:00,Aguardando o cliente,Baixa,Checklist,A NOSSA DROGARIA,Sql Server,Produção,,2.2219444444444445
57014,2026-01-22 11:00:12+00:00,Aguardando o cliente,Baixa,Checklist,MILLS,Oracle,Produção,,2.2752777777777777
57010,2026-01-22 10:13:48+00:00,Aguardando o cliente,Baixa,Checklist,MILLS,Oracle,Produção,,3.0575
57009,2026-01-22 10:04:57+00:00,Aguardando o cliente,Baixa,Checklist,NAO IDENTIFICADO,Sql Server,Produção,SES-SQL-PRD\BI,3.1558333333333333
57008,2026-01-22 10:03:47+00:00,Aguardando o cliente,Baixa,Checklist,MILLS,Oracle,Produção,,3.2319444444444443
57007,2026-01-22 10:00:15+00:00,Aguardando o cliente,Baixa,Checklist,MILLS,Oracle,Produção,,3.368611111111111
57006,2026-01-22 10:00:08+00:00,Aguardando o cliente,Baixa,Checklist,MILLS,Oracle,Produção,,3.3844444444444446
57005,2026-01-22 10:00:04+00:00,Aguardando o cliente,Baixa,Checklist,MILLS,Oracle,Produção,,3.403611111111111
57003,2026-01-22 10:00:04+00:00,Aguardando o cliente,Baixa,Checklist,MILLS,Oracle,Produção,,3.53
57004,2026-01-22 10:00:04+00:00,Aguardando o cliente,Baixa,Checklist,MILLS,Oracle,Produção,,3.408888888888889
57002,2026-01-22 10:00:03+00:00,Aguardando o cliente,Baixa,Checklist,MILLS,Oracle,Produção,,3.5302777777777776
57001,2026-01-22 10:00:03+00:00,Aguardando o cliente,Baixa,Checklist,MILLS,Oracle,Produção,,3.53
57000,2026-01-22 09:56:22+00:00,Aguardando o cliente,Baixa,Checklist,NAO IDENTIFICADO,Sql Server,Produção,SES-CLO-BD-SER,3.3072222222222223
56999,2026-01-22 09:55:18+00:00,Aguardando o cliente,Baixa,Checklist,NAO IDENTIFICADO,Sql Server,Produção,SES-SQL-PRD,3.3319444444444444
56998,2026-01-22 09:55:15+00:00,Aguardando o cliente,Baixa,Checklist,NAO IDENTIFICADO,Sql Server,Produção,SRVBD,3.339722222222222
56997,2026-01-22 09:55:13+00:00,Aguardando o cliente,Baixa,Checklist,NAO IDENTIFICADO,Sql Server,Produção,CALIFORNIA,3.3466666666666667
56996,2026-01-22 09:55:11+00:00,Aguardando o cliente,Baixa,Checklist,NAO IDENTIFICADO,Sql Server,Produção,SMLSAWSSQLVP01,3.616388888888889
56995,2026-01-22 09:55:09+00:00,Aguardando o cliente,Baixa,Checklist,NAO IDENTIFICADO,Sql Server,Produção,SRVBDCD,3.370277777777778
56994,2026-01-22 09:55:08+00:00,Aguardando o cliente,Baixa,Checklist,NAO IDENTIFICADO,Sql Server,Produção,SRVBDADM,3.377222222222222
56993,2026-01-22 09:55:06+00:00,Aguardando o cliente,Baixa,Checklist,NAO IDENTIFICADO,Sql Server,Produção,SRVBDADM\BI,3.388888888888889
56992,2026-01-22 09:55:05+00:00,Aguardando o cliente,Baixa,Checklist,NAO IDENTIFICADO,Sql Server,Produção,SRVBDADM\PACK,3.406111111111111
56991,2026-01-22 09:55:03+00:00,Aguardando o cliente,Baixa,Checklist,NAO IDENTIFICADO,Sql Server,Produção,SRVBDADM\BIMER,3.397222222222222
56990,2026-01-22 09:50:33+00:00,Aguardando o cliente,Baixa,Checklist,MILLS,Oracle,Produção,,3.6883333333333335
56964,2026-01-21 11:00:12+00:00,Aguardando o cliente,Baixa,Checklist,MILLS,Oracle,Produção,,2.3536111111111113
56963,2026-01-21 10:59:57+00:00,Aguardando o cliente,Baixa,Checklist,A NOSSA DROGARIA,Sql Server,Produção,,3.0372222222222223
56959,2026-01-21 10:14:36+00:00,Aguardando o cliente,Baixa,Checklist,MILLS,Oracle,Produção,,3.0880555555555556
56958,2026-01-21 10:06:16+00:00,Aguardando o cliente,Baixa,Checklist,NAO IDENTIFICADO,Sql Server,Produção,SES-SQL-PRD\BI,3.94
56957,2026-01-21 10:03:48+00:00,Aguardando o cliente,Baixa,Checklist,MILLS,Oracle,Produção,,3.2591666666666668
56956,2026-01-21 10:00:14+00:00,Aguardando o cliente,Baixa,Checklist,MILLS,Oracle,Produção,,3.3105555555555557
56955,2026-01-21 10:00:11+00:00,Aguardando o cliente,Baixa,Checklist,MILLS,Oracle,Produção,,3.2144444444444447
56952,2026-01-21 10:00:04+00:00,Aguardando o cliente,Baixa,Checklist,MILLS,Oracle,Produção,,3.1725
56953,2026-01-21 10:00:04+00:00,Aguardando o cliente,Baixa,Checklist,MILLS,Oracle,Produção,,3.183611111111111
56954,2026-01-21 10:00:04+00:00,Aguardando o cliente,Baixa,Checklist,MILLS,Oracle,Produção,,3.191388888888889
56951,2026-01-21 10:00:03+00:00,Aguardando o cliente,Baixa,Checklist,MILLS,Oracle,Produção,,3.165277777777778
56950,2026-01-21 10:00:03+00:00,Aguardando o cliente,Baixa,Checklist,MILLS,Oracle,Produção,,3.161388888888889
56949,2026-01-21 09:55:42+00:00,Aguardando o cliente,Baixa,Checklist,NAO IDENTIFICADO,Sql Server,Produção,SES-CLO-BD-SER,4.125555555555556
56948,2026-01-21 09:55:38+00:00,Aguardando o cliente,Baixa,Checklist,NAO IDENTIFICADO,Sql Server,Produção,SES-SQL-PRD,4.133333333333334
56947,2026-01-21 09:55:37+00:00,Aguardando o cliente,Baixa,Checklist,NAO IDENTIFICADO,Sql Server,Produção,CALIFORNIA,4.139722222222222
56946,2026-01-21 09:55:35+00:00,Aguardando o cliente,Baixa,Checklist,NAO IDENTIFICADO,Sql Server,Produção,SRVBD,4.175833333333333
56945,2026-01-21 09:55:34+00:00,Aguardando o cliente,Baixa,Checklist,NAO IDENTIFICADO,Sql Server,Produção,SRVBDCD,4.146944444444444
56944,2026-01-21 09:55:32+00:00,Aguardando o cliente,Baixa,Checklist,NAO IDENTIFICADO,Sql Server,Produção,SRVBDADM,4.184722222222222
56943,2026-01-21 09:55:31+00:00,Aguardando o cliente,Baixa,Checklist,NAO IDENTIFICADO,Sql Server,Produção,SRVBDADM\BI,4.215833333333333
56942,2026-01-21 09:55:29+00:00,Aguardando o cliente,Baixa,Checklist,NAO IDENTIFICADO,Sql Server,Produção,SRVBDADM\BIMER,4.227222222222222
56941,2026-01-21 09:55:27+00:00,Aguardando o cliente,Baixa,Checklist,NAO IDENTIFICADO,Sql Server,Produção,SRVBDADM\PACK,4.234166666666667
56939,2026-01-21 09:49:40+00:00,Aguardando o cliente,Baixa,Checklist,MILLS,Oracle,Produção,,3.325
56917,2026-01-20 11:00:14+00:00,Aguardando o cliente,Baixa,Checklist,A NOSSA DROGARIA,Sql Server,Produção,,1.051388888888889
56916,2026-01-20 11:00:13+00:00,Aguardando o cliente,Baixa,Checklist,MILLS,Oracle,Produção,,1.6847222222222222
56912,2026-01-20 10:14:12+00:00,Aguardando o cliente,Baixa,Checklist,MILLS,Oracle,Produção,,2.4580555555555557
56911,2026-01-20 10:05:52+00:00,Aguardando o cliente,Baixa,Checklist,NAO IDENTIFICADO,Sql Server,Produção,SES-SQL-PRD\BI,2.3469444444444445
56910,2026-01-20 10:03:48+00:00,Aguardando o cliente,Baixa,Checklist,MILLS,Oracle,Produção,,2.7591666666666668
56909,2026-01-20 10:00:13+00:00,Aguardando o cliente,Baixa,Checklist,MILLS,Oracle,Produção,,2.8761111111111113
56908,2026-01-20 10:00:09+00:00,Aguardando o cliente,Baixa,Checklist,MILLS,Oracle,Produção,,4.7347222222222225
56907,2026-01-20 10:00:04+00:00,Aguardando o cliente,Baixa,Checklist,MILLS,Oracle,Produção,,4.739166666666667
56906,2026-01-20 10:00:04+00:00,Aguardando o cliente,Baixa,Checklist,MILLS,Oracle,Produção,,4.739166666666667
56903,2026-01-20 10:00:03+00:00,Aguardando o cliente,Baixa,Checklist,MILLS,Oracle,Produção,,4.739166666666667
56905,2026-01-20 10:00:03+00:00,Aguardando o cliente,Baixa,Checklist,MILLS,Oracle,Produção,,4.739444444444445
56904,2026-01-20 10:00:03+00:00,Aguardando o cliente,Baixa,Checklist,MILLS,Oracle,Produção,,4.739444444444445
56902,2026-01-20 09:56:19+00:00,Aguardando o cliente,Baixa,Checklist,NAO IDENTIFICADO,Sql Server,Produção,SRVBD,2.548888888888889
56901,2026-01-20 09:56:17+00:00,Aguardando o cliente,Baixa,Checklist,NAO IDENTIFICADO,Sql Server,Produção,SES-CLO-BD-SER,2.5833333333333335
56900,2026-01-20 09:56:16+00:00,Aguardando o cliente,Baixa,Checklist,NAO IDENTIFICADO,Sql Server,Produção,SES-SQL-PRD,3.415
56899,2026-01-20 09:55:13+00:00,Aguardando o cliente,Baixa,Checklist,NAO IDENTIFICADO,Sql Server,Produção,CALIFORNIA,2.5755555555555554
56898,2026-01-20 09:55:11+00:00,Aguardando o cliente,Baixa,Checklist,NAO IDENTIFICADO,Sql Server,Produção,SMLSAWSSQLVP01,2.6969444444444446
56897,2026-01-20 09:55:09+00:00,Aguardando o cliente,Baixa,Checklist,NAO IDENTIFICADO,Sql Server,Produção,SRVBDCD,2.591388888888889
56896,2026-01-20 09:55:08+00:00,Aguardando o cliente,Baixa,Checklist,NAO IDENTIFICADO,Sql Server,Produção,SRVBDADM,2.6094444444444442
56895,2026-01-20 09:55:06+00:00,Aguardando o cliente,Baixa,Checklist,NAO IDENTIFICADO,Sql Server,Produção,SRVBDADM\BI,2.6358333333333333
56894,2026-01-20 09:55:05+00:00,Aguardando o cliente,Baixa,Checklist,NAO IDENTIFICADO,Sql Server,Produção,SRVBDADM\PACK,2.6169444444444445
56893,2026-01-20 09:55:03+00:00,Aguardando o cliente,Baixa,Checklist,NAO IDENTIFICADO,Sql Server,Produção,SRVBDADM\BIMER,2.6261111111111113
56892,2026-01-20 09:49:42+00:00,Aguardando o cliente,Baixa,Checklist,MILLS,Oracle,Produção,,4.916944444444445
56869,2026-01-19 11:55:07+00:00,Aguardando o cliente,Baixa,Checklist,NAO IDENTIFICADO,Sql Server,Produção,EC2AMAZ-KTTVFEL,1.745
56859,2026-01-19 10:05:47+00:00,Aguardando o cliente,Baixa,Checklist,NAO IDENTIFICADO,Sql Server,Produção,SES-SQL-PRD\BI,1.995
56850,2026-01-19 09:55:43+00:00,Aguardando o cliente,Baixa,Checklist,NAO IDENTIFICADO,Sql Server,Produção,SES-CLO-BD-SER,2.174722222222222
56849,2026-01-19 09:55:41+00:00,Aguardando o cliente,Baixa,Checklist,NAO IDENTIFICADO,Sql Server,Produção,SES-SQL-PRD,2.1991666666666667
56848,2026-01-19 09:55:40+00:00,Aguardando o cliente,Baixa,Checklist,NAO IDENTIFICADO,Sql Server,Produção,SRVBD,2.182777777777778
56847,2026-01-19 09:55:39+00:00,Aguardando o cliente,Baixa,Checklist,NAO IDENTIFICADO,Sql Server,Produção,CALIFORNIA,2.1894444444444443
56845,2026-01-19 09:55:04+00:00,Aguardando o cliente,Baixa,Checklist,NAO IDENTIFICADO,Sql Server,Produção,SRVBDCD,2.2180555555555554
56844,2026-01-19 09:55:03+00:00,Aguardando o cliente,Baixa,Checklist,NAO IDENTIFICADO,Sql Server,Produção,SRVBDADM,2.2269444444444444
56843,2026-01-19 09:55:01+00:00,Aguardando o cliente,Baixa,Checklist,NAO IDENTIFICADO,Sql Server,Produção,SRVBDADM\BI,2.2394444444444446
56842,2026-01-19 09:55:00+00:00,Aguardando o cliente,Baixa,Checklist,NAO IDENTIFICADO,Sql Server,Produção,SRVBDADM\BIMER,3.492777777777778
56841,2026-01-19 09:54:59+00:00,Aguardando o cliente,Baixa,Checklist,NAO IDENTIFICADO,Sql Server,Produção,SRVBDADM\PACK,3.499722222222222
56789,2026-01-16 11:00:14+00:00,Aguardando o cliente,Baixa,Checklist,MILLS,Oracle,Produção,,1.7533333333333334
56786,2026-01-16 10:22:33+00:00,Aguardando o cliente,Baixa,Checklist,MILLS,Oracle,Produção,,2.390833333333333
56784,2026-01-16 10:05:51+00:00,Aguardando o cliente,Baixa,Checklist,NAO IDENTIFICADO,Sql Server,Produção,SES-SQL-PRD\BI,2.798888888888889
56783,2026-01-16 10:03:49+00:00,Aguardando o cliente,Baixa,Checklist,MILLS,Oracle,Produção,,2.714722222222222
56782,2026-01-16 10:00:15+00:00,Aguardando o cliente,Baixa,Checklist,MILLS,Oracle,Produção,,2.7783333333333333
56781,2026-01-16 10:00:10+00:00,Aguardando o cliente,Baixa,Checklist,MILLS,Oracle,Produção,,2.7819444444444446
56778,2026-01-16 10:00:04+00:00,Aguardando o cliente,Baixa,Checklist,MILLS,Oracle,Produção,,2.7880555555555557
56780,2026-01-16 10:00:04+00:00,Aguardando o cliente,Baixa,Checklist,MILLS,Oracle,Produção,,2.7880555555555557
56779,2026-01-16 10:00:04+00:00,Aguardando o cliente,Baixa,Checklist,MILLS,Oracle,Produção,,2.7880555555555557
56777,2026-01-16 10:00:03+00:00,Aguardando o cliente,Baixa,Checklist,MILLS,Oracle,Produção,,2.7883333333333336
56776,2026-01-16 10:00:03+00:00,Aguardando o cliente,Baixa,Checklist,MILLS,Oracle,Produção,,2.7883333333333336
56775,2026-01-16 09:56:46+00:00,Aguardando o cliente,Baixa,Checklist,NAO IDENTIFICADO,Sql Server,Produção,SES-CLO-BD-SER,3.0780555555555558
56774,2026-01-16 09:55:43+00:00,Aguardando o cliente,Baixa,Checklist,NAO IDENTIFICADO,Sql Server,Produção,SES-SQL-PRD,3.0991666666666666
56773,2026-01-16 09:55:41+00:00,Aguardando o cliente,Baixa,Checklist,NAO IDENTIFICADO,Sql Server,Produção,SRVBD,2.984722222222222
56772,2026-01-16 09:55:40+00:00,Aguardando o cliente,Baixa,Checklist,NAO IDENTIFICADO,Sql Server,Produção,CALIFORNIA,3.233611111111111
56771,2026-01-16 09:55:39+00:00,Aguardando o cliente,Baixa,Checklist,NAO IDENTIFICADO,Sql Server,Produção,SRVBDCD,3.6533333333333333
56770,2026-01-16 09:55:38+00:00,Aguardando o cliente,Baixa,Checklist,NAO IDENTIFICADO,Sql Server,Produção,SRVBDADM,3.656388888888889
56769,2026-01-16 09:55:36+00:00,Aguardando o cliente,Baixa,Checklist,NAO IDENTIFICADO,Sql Server,Produção,SRVBDADM\PACK,3.6569444444444446
56768,2026-01-16 09:55:35+00:00,Aguardando o cliente,Baixa,Checklist,NAO IDENTIFICADO,Sql Server,Produção,SRVBDADM\BI,3.6569444444444446
56767,2026-01-16 09:55:33+00:00,Aguardando o cliente,Baixa,Checklist,NAO IDENTIFICADO,Sql Server,Produção,SRVBDADM\BIMER,3.252222222222222
56766,2026-01-16 09:55:11+00:00,Aguardando o cliente,Baixa,Checklist,NAO IDENTIFICADO,Sql Server,Produção,SMLSAWSSQLVP01,3.111666666666667
56765,2026-01-16 09:49:51+00:00,Aguardando o cliente,Baixa,Checklist,MILLS,Oracle,Produção,,2.945
57296,2026-01-29 11:00:20+00:00,Aguardando o cliente,Baixa,Checklist,A NOSSA DROGARIA,Sql Server,Produção,,1.0252777777777777
57295,2026-01-29 11:00:14+00:00,Aguardando o cliente,Baixa,Checklist,MILLS,Oracle,Produção,,1.7044444444444444
57291,2026-01-29 10:15:35+00:00,Aguardando o cliente,Baixa,Checklist,MILLS,Oracle,Produção,,2.4675
57290,2026-01-29 10:06:14+00:00,Aguardando o cliente,Baixa,Checklist,NAO IDENTIFICADO,Sql Server,Produção,SES-SQL-PRD\BI,1.9344444444444444
57289,2026-01-29 10:03:53+00:00,Aguardando o cliente,Baixa,Checklist,MILLS,Oracle,Produção,,2.7622222222222224
57288,2026-01-29 10:00:14+00:00,Aguardando o cliente,Baixa,Checklist,MILLS,Oracle,Produção,,2.9175
57287,2026-01-29 10:00:10+00:00,Aguardando o cliente,Baixa,Checklist,MILLS,Oracle,Produção,,2.921666666666667
57286,2026-01-29 10:00:04+00:00,Aguardando o cliente,Baixa,Checklist,MILLS,Oracle,Produção,,2.928611111111111
57284,2026-01-29 10:00:03+00:00,Aguardando o cliente,Baixa,Checklist,MILLS,Oracle,Produção,,2.928888888888889
57282,2026-01-29 10:00:03+00:00,Aguardando o cliente,Baixa,Checklist,MILLS,Oracle,Produção,,2.928611111111111
57283,2026-01-29 10:00:03+00:00,Aguardando o cliente,Baixa,Checklist,MILLS,Oracle,Produção,,2.928888888888889
57285,2026-01-29 10:00:03+00:00,Aguardando o cliente,Baixa,Checklist,MILLS,Oracle,Produção,,2.928888888888889
57281,2026-01-29 09:55:39+00:00,Aguardando o cliente,Baixa,Checklist,NAO IDENTIFICADO,Sql Server,Produção,SES-CLO-BD-SER,2.118611111111111
57280,2026-01-29 09:55:35+00:00,Aguardando o cliente,Baixa,Checklist,NAO IDENTIFICADO,Sql Server,Produção,SES-SQL-PRD,2.126388888888889
57279,2026-01-29 09:55:33+00:00,Aguardando o cliente,Baixa,Checklist,NAO IDENTIFICADO,Sql Server,Produção,SRVBD,2.133611111111111
57278,2026-01-29 09:55:14+00:00,Aguardando o cliente,Baixa,Checklist,NAO IDENTIFICADO,Sql Server,Produção,SMLSAWSSQLVP01,3.013888888888889
57277,2026-01-29 09:54:59+00:00,Aguardando o cliente,Baixa,Checklist,NAO IDENTIFICADO,Sql Server,Produção,CALIFORNIA,2.149722222222222
57276,2026-01-29 09:54:57+00:00,Aguardando o cliente,Baixa,Checklist,NAO IDENTIFICADO,Sql Server,Produção,SRVBDADM,2.1794444444444445
57275,2026-01-29 09:54:54+00:00,Aguardando o cliente,Baixa,Checklist,NAO IDENTIFICADO,Sql Server,Produção,SRVBDCD,2.1577777777777776
57274,2026-01-29 09:54:52+00:00,Aguardando o cliente,Baixa,Checklist,NAO IDENTIFICADO,Sql Server,Produção,SRVBDADM\BI,2.165
57273,2026-01-29 09:54:51+00:00,Aguardando o cliente,Baixa,Checklist,NAO IDENTIFICADO,Sql Server,Produção,SRVBDADM\BIMER,2.1952777777777777
57272,2026-01-29 09:54:49+00:00,Aguardando o cliente,Baixa,Checklist,NAO IDENTIFICADO,Sql Server,Produção,SRVBDADM\PACK,2.205
57271,2026-01-29 09:49:23+00:00,Aguardando o cliente,Baixa,Checklist,MILLS,Oracle,Produção,,3.174722222222222
57246,2026-01-28 11:55:07+00:00,Aguardando o cliente,Baixa,Checklist,NAO IDENTIFICADO,Sql Server,Produção,EC2AMAZ-KTTVFEL,0.5158333333333334
57241,2026-01-28 11:00:20+00:00,Aguardando o cliente,Baixa,Checklist,A NOSSA DROGARIA,Sql Server,Produção,,1.4552777777777777
57240,2026-01-28 11:00:13+00:00,Aguardando o cliente,Baixa,Checklist,MILLS,Oracle,Produção,,2.2222222222222223
57236,2026-01-28 10:14:17+00:00,Aguardando o cliente,Baixa,Checklist,MILLS,Oracle,Produção,,3.011111111111111
57235,2026-01-28 10:05:44+00:00,Aguardando o cliente,Baixa,Checklist,NAO IDENTIFICADO,Sql Server,Produção,SES-SQL-PRD\BI,2.345833333333333
57234,2026-01-28 10:03:46+00:00,Aguardando o cliente,Baixa,Checklist,MILLS,Oracle,Produção,,3.1966666666666668
57233,2026-01-28 10:00:14+00:00,Aguardando o cliente,Baixa,Checklist,MILLS,Oracle,Produção,,3.2755555555555556
57232,2026-01-28 10:00:09+00:00,Aguardando o cliente,Baixa,Checklist,MILLS,Oracle,Produção,,3.28
57229,2026-01-28 10:00:04+00:00,Aguardando o cliente,Baixa,Checklist,MILLS,Oracle,Produção,,3.3008333333333333
57231,2026-01-28 10:00:04+00:00,Aguardando o cliente,Baixa,Checklist,MILLS,Oracle,Produção,,3.301111111111111
57230,2026-01-28 10:00:04+00:00,Aguardando o cliente,Baixa,Checklist,MILLS,Oracle,Produção,,3.3008333333333333
57228,2026-01-28 10:00:03+00:00,Aguardando o cliente,Baixa,Checklist,MILLS,Oracle,Produção,,3.3008333333333333
57227,2026-01-28 10:00:03+00:00,Aguardando o cliente,Baixa,Checklist,MILLS,Oracle,Produção,,3.3005555555555555
57226,2026-01-28 09:57:40+00:00,Aguardando o cliente,Baixa,Checklist,NAO IDENTIFICADO,Sql Server,Produção,SRVBD,2.4891666666666667
57225,2026-01-28 09:56:05+00:00,Aguardando o cliente,Baixa,Checklist,NAO IDENTIFICADO,Sql Server,Produção,SES-CLO-BD-SER,2.535277777777778
57224,2026-01-28 09:55:31+00:00,Aguardando o cliente,Baixa,Checklist,NAO IDENTIFICADO,Sql Server,Produção,SES-SQL-PRD,2.5547222222222223
57223,2026-01-28 09:55:30+00:00,Aguardando o cliente,Baixa,Checklist,NAO IDENTIFICADO,Sql Server,Produção,CALIFORNIA,2.5813888888888887
57222,2026-01-28 09:55:28+00:00,Aguardando o cliente,Baixa,Checklist,NAO IDENTIFICADO,Sql Server,Produção,SRVBDADM,2.591111111111111
57221,2026-01-28 09:55:27+00:00,Aguardando o cliente,Baixa,Checklist,NAO IDENTIFICADO,Sql Server,Produção,SRVBDCD,2.5980555555555553
57220,2026-01-28 09:55:25+00:00,Aguardando o cliente,Baixa,Checklist,NAO IDENTIFICADO,Sql Server,Produção,SRVBDADM\BI,2.6055555555555556
57219,2026-01-28 09:55:24+00:00,Aguardando o cliente,Baixa,Checklist,NAO IDENTIFICADO,Sql Server,Produção,SRVBDADM\PACK,2.6222222222222222
57218,2026-01-28 09:55:23+00:00,Aguardando o cliente,Baixa,Checklist,NAO IDENTIFICADO,Sql Server,Produção,SRVBDADM\BIMER,2.6130555555555555
57217,2026-01-28 09:55:12+00:00,Aguardando o cliente,Baixa,Checklist,NAO IDENTIFICADO,Sql Server,Produção,SMLSAWSSQLVP01,3.4322222222222223
57216,2026-01-28 09:49:02+00:00,Aguardando o cliente,Baixa,Checklist,MILLS,Oracle,Produção,,3.486111111111111
57198,2026-01-27 11:00:16+00:00,Aguardando o cliente,Baixa,Checklist,A NOSSA DROGARIA,Sql Server,Produção,,1.1688888888888889
57197,2026-01-27 11:00:12+00:00,Aguardando o cliente,Baixa,Checklist,MILLS,Oracle,Produção,,1.7727777777777778
57193,2026-01-27 10:13:38+00:00,Aguardando o cliente,Baixa,Checklist,MILLS,Oracle,Produção,,2.5655555555555556
57192,2026-01-27 10:06:08+00:00,Aguardando o cliente,Baixa,Checklist,NAO IDENTIFICADO,Sql Server,Produção,SES-SQL-PRD\BI,2.0775
57191,2026-01-27 10:03:42+00:00,Aguardando o cliente,Baixa,Checklist,MILLS,Oracle,Produção,,2.7555555555555555
57190,2026-01-27 10:00:14+00:00,Aguardando o cliente,Baixa,Checklist,MILLS,Oracle,Produção,,2.8177777777777777
57189,2026-01-27 10:00:08+00:00,Aguardando o cliente,Baixa,Checklist,MILLS,Oracle,Produção,,3.374722222222222
57188,2026-01-27 10:00:04+00:00,Aguardando o cliente,Baixa,Checklist,MILLS,Oracle,Produção,,3.3783333333333334
57187,2026-01-27 10:00:04+00:00,Aguardando o cliente,Baixa,Checklist,MILLS,Oracle,Produção,,3.381388888888889
57184,2026-01-27 10:00:04+00:00,Aguardando o cliente,Baixa,Checklist,MILLS,Oracle,Produção,,3.388888888888889
57185,2026-01-27 10:00:04+00:00,Aguardando o cliente,Baixa,Checklist,MILLS,Oracle,Produção,,3.388888888888889
57186,2026-01-27 10:00:04+00:00,Aguardando o cliente,Baixa,Checklist,MILLS,Oracle,Produção,,3.388888888888889
57183,2026-01-27 09:56:04+00:00,Aguardando o cliente,Baixa,Checklist,NAO IDENTIFICADO,Sql Server,Produção,SES-CLO-BD-SER,2.2555555555555555
57182,2026-01-27 09:55:29+00:00,Aguardando o cliente,Baixa,Checklist,NAO IDENTIFICADO,Sql Server,Produção,SES-SQL-PRD,2.283888888888889
57181,2026-01-27 09:55:26+00:00,Aguardando o cliente,Baixa,Checklist,NAO IDENTIFICADO,Sql Server,Produção,SRVBD,2.272777777777778
57180,2026-01-27 09:55:24+00:00,Aguardando o cliente,Baixa,Checklist,NAO IDENTIFICADO,Sql Server,Produção,CALIFORNIA,2.294722222222222
57179,2026-01-27 09:55:23+00:00,Aguardando o cliente,Baixa,Checklist,NAO IDENTIFICADO,Sql Server,Produção,SRVBDADM,2.3016666666666667
57178,2026-01-27 09:55:21+00:00,Aguardando o cliente,Baixa,Checklist,NAO IDENTIFICADO,Sql Server,Produção,SRVBDADM\BIMER,2.585277777777778
57177,2026-01-27 09:55:20+00:00,Aguardando o cliente,Baixa,Checklist,NAO IDENTIFICADO,Sql Server,Produção,SRVBDCD,2.591666666666667
57176,2026-01-27 09:55:19+00:00,Aguardando o cliente,Baixa,Checklist,NAO IDENTIFICADO,Sql Server,Produção,SRVBDADM\BI,2.597777777777778
57175,2026-01-27 09:55:17+00:00,Aguardando o cliente,Baixa,Checklist,NAO IDENTIFICADO,Sql Server,Produção,SRVBDADM\PACK,2.613611111111111
57173,2026-01-27 09:49:49+00:00,Aguardando o cliente,Baixa,Checklist,MILLS,Oracle,Produção,,3.556111111111111
57157,2026-01-26 11:55:07+00:00,Aguardando o cliente,Baixa,Checklist,NAO IDENTIFICADO,Sql Server,Produção,EC2AMAZ-KTTVFEL,4.3
57154,2026-01-26 11:00:37+00:00,Aguardando o cliente,Baixa,Checklist,A NOSSA DROGARIA,Sql Server,Produção,,0.08638888888888889
57153,2026-01-26 11:00:12+00:00,Aguardando o cliente,Baixa,Checklist,MILLS,Oracle,Produção,,1.6644444444444444
57149,2026-01-26 10:14:09+00:00,Aguardando o cliente,Baixa,Checklist,MILLS,Oracle,Produção,,2.4383333333333335
57148,2026-01-26 10:06:59+00:00,Aguardando o cliente,Baixa,Checklist,NAO IDENTIFICADO,Sql Server,Produção,SES-SQL-PRD\BI,0.9963888888888889
57147,2026-01-26 10:03:49+00:00,Aguardando o cliente,Baixa,Checklist,MILLS,Oracle,Produção,,2.6294444444444443
57146,2026-01-26 10:00:14+00:00,Aguardando o cliente,Baixa,Checklist,MILLS,Oracle,Produção,,2.6966666666666668
57145,2026-01-26 10:00:11+00:00,Aguardando o cliente,Baixa,Checklist,MILLS,Oracle,Produção,,2.701388888888889
57144,2026-01-26 10:00:04+00:00,Aguardando o cliente,Baixa,Checklist,MILLS,Oracle,Produção,,2.71
57143,2026-01-26 10:00:04+00:00,Aguardando o cliente,Baixa,Checklist,MILLS,Oracle,Produção,,2.7133333333333334
57142,2026-01-26 10:00:04+00:00,Aguardando o cliente,Baixa,Checklist,MILLS,Oracle,Produção,,2.7291666666666665
57141,2026-01-26 10:00:03+00:00,Aguardando o cliente,Baixa,Checklist,MILLS,Oracle,Produção,,2.731388888888889
57140,2026-01-26 10:00:03+00:00,Aguardando o cliente,Baixa,Checklist,MILLS,Oracle,Produção,,2.726111111111111
57139,2026-01-26 09:56:54+00:00,Aguardando o cliente,Baixa,Checklist,NAO IDENTIFICADO,Sql Server,Produção,SES-CLO-BD-SER,1.1766666666666667
57138,2026-01-26 09:55:49+00:00,Aguardando o cliente,Baixa,Checklist,NAO IDENTIFICADO,Sql Server,Produção,SES-SQL-PRD,1.2058333333333333
57137,2026-01-26 09:55:14+00:00,Aguardando o cliente,Baixa,Checklist,NAO IDENTIFICADO,Sql Server,Produção,CALIFORNIA,1.2219444444444445
57136,2026-01-26 09:55:13+00:00,Aguardando o cliente,Baixa,Checklist,NAO IDENTIFICADO,Sql Server,Produção,SRVBD,1.2330555555555556
57135,2026-01-26 09:55:12+00:00,Aguardando o cliente,Baixa,Checklist,NAO IDENTIFICADO,Sql Server,Produção,SMLSAWSSQLVP01,2.7177777777777776
57134,2026-01-26 09:55:09+00:00,Aguardando o cliente,Baixa,Checklist,NAO IDENTIFICADO,Sql Server,Produção,SRVBDADM,1.2444444444444445
57133,2026-01-26 09:55:07+00:00,Aguardando o cliente,Baixa,Checklist,NAO IDENTIFICADO,Sql Server,Produção,SRVBDCD,1.2527777777777778
57132,2026-01-26 09:55:06+00:00,Aguardando o cliente,Baixa,Checklist,NAO IDENTIFICADO,Sql Server,Produção,SRVBDADM\BI,1.2605555555555557
57131,2026-01-26 09:55:04+00:00,Aguardando o cliente,Baixa,Checklist,NAO IDENTIFICADO,Sql Server,Produção,SRVBDADM\BIMER,1.2761111111111112
57130,2026-01-26 09:55:03+00:00,Aguardando o cliente,Baixa,Checklist,NAO IDENTIFICADO,Sql Server,Produção,SRVBDADM\PACK,1.2866666666666666
57129,2026-01-26 09:48:10+00:00,Aguardando o cliente,Baixa,Checklist,MILLS,Oracle,Produção,,2.9169444444444443
57066,2026-01-23 11:55:08+00:00,Aguardando o cliente,Baixa,Checklist,NAO IDENTIFICADO,Sql Server,Produção,EC2AMAZ-KTTVFEL,0.6338888888888888
57063,2026-01-23 11:00:17+00:00,Aguardando o cliente,Baixa,Checklist,A NOSSA DROGARIA,Sql Server,Produção,,1.4927777777777778
57062,2026-01-23 11:00:09+00:00,Aguardando o cliente,Baixa,Checklist,MILLS,Oracle,Produção,,2.6302777777777777
57058,2026-01-23 10:14:02+00:00,Aguardando o cliente,Baixa,Checklist,MILLS,Oracle,Produção,,3.588888888888889
57057,2026-01-23 10:06:09+00:00,Aguardando o cliente,Baixa,Checklist,NAO IDENTIFICADO,Sql Server,Produção,SES-SQL-PRD\BI,2.4019444444444447
57056,2026-01-23 10:03:48+00:00,Aguardando o cliente,Baixa,Checklist,MILLS,Oracle,Produção,,3.7630555555555554
57055,2026-01-23 10:00:16+00:00,Aguardando o cliente,Baixa,Checklist,MILLS,Oracle,Produção,,3.923611111111111
57054,2026-01-23 10:00:09+00:00,Aguardando o cliente,Baixa,Checklist,MILLS,Oracle,Produção,,3.9316666666666666
57052,2026-01-23 10:00:04+00:00,Aguardando o cliente,Baixa,Checklist,MILLS,Oracle,Produção,,3.94
57053,2026-01-23 10:00:04+00:00,Aguardando o cliente,Baixa,Checklist,MILLS,Oracle,Produção,,3.9402777777777778
57049,2026-01-23 10:00:03+00:00,Aguardando o cliente,Baixa,Checklist,MILLS,Oracle,Produção,,3.9402777777777778
57051,2026-01-23 10:00:03+00:00,Aguardando o cliente,Baixa,Checklist,MILLS,Oracle,Produção,,3.9402777777777778
57050,2026-01-23 10:00:03+00:00,Aguardando o cliente,Baixa,Checklist,MILLS,Oracle,Produção,,3.9402777777777778
57048,2026-01-23 09:56:04+00:00,Aguardando o cliente,Baixa,Checklist,NAO IDENTIFICADO,Sql Server,Produção,SES-CLO-BD-SER,2.58
57047,2026-01-23 09:55:30+00:00,Aguardando o cliente,Baixa,Checklist,NAO IDENTIFICADO,Sql Server,Produção,SES-SQL-PRD,2.6372222222222224
57046,2026-01-23 09:55:26+00:00,Aguardando o cliente,Baixa,Checklist,NAO IDENTIFICADO,Sql Server,Produção,SRVBD,2.5991666666666666
57045,2026-01-23 09:55:25+00:00,Aguardando o cliente,Baixa,Checklist,NAO IDENTIFICADO,Sql Server,Produção,SRVBDCD,2.6061111111111113
57044,2026-01-23 09:55:23+00:00,Aguardando o cliente,Baixa,Checklist,NAO IDENTIFICADO,Sql Server,Produção,CALIFORNIA,2.6130555555555555
57043,2026-01-23 09:55:22+00:00,Aguardando o cliente,Baixa,Checklist,NAO IDENTIFICADO,Sql Server,Produção,SRVBDADM,2.62
57042,2026-01-23 09:55:20+00:00,Aguardando o cliente,Baixa,Checklist,NAO IDENTIFICADO,Sql Server,Produção,SRVBDADM\BI,2.6966666666666668
57041,2026-01-23 09:55:19+00:00,Aguardando o cliente,Baixa,Checklist,NAO IDENTIFICADO,Sql Server,Produção,SRVBDADM\PACK,2.7105555555555556
57040,2026-01-23 09:55:17+00:00,Aguardando o cliente,Baixa,Checklist,NAO IDENTIFICADO,Sql Server,Produção,SRVBDADM\BIMER,2.7177777777777776
57039,2026-01-23 09:55:12+00:00,Aguardando o cliente,Baixa,Checklist,NAO IDENTIFICADO,Oracle,Produção,SMLSAWSSQLVP01,4.025
57038,2026-01-23 09:49:26+00:00,Aguardando o cliente,Baixa,Checklist,MILLS,Oracle,Produção,,3.7888888888888888
57337,2026-01-30 11:55:08+00:00,Aguardando o cliente,Baixa,Checklist,NAO IDENTIFICADO,Sql Server,Produção,EC2AMAZ-KTTVFEL,0.4036111111111111
57336,2026-01-30 11:00:13+00:00,Aguardando o cliente,Baixa,Checklist,MILLS,Oracle,Produção,,2.1405555555555558
57335,2026-01-30 10:59:58+00:00,Aguardando o cliente,Baixa,Checklist,A NOSSA DROGARIA,Sql Server,Produção,,1.3311111111111111
57331,2026-01-30 10:14:55+00:00,Aguardando o cliente,Baixa,Checklist,MILLS,Oracle,Produção,,3.0044444444444443
57330,2026-01-30 10:06:51+00:00,Aguardando o cliente,Baixa,Checklist,NAO IDENTIFICADO,Sql Server,Produção,SES-SQL-PRD\BI,2.225277777777778
57329,2026-01-30 10:04:05+00:00,Aguardando o cliente,Baixa,Checklist,MILLS,Oracle,Produção,,3.195
57328,2026-01-30 10:00:14+00:00,Aguardando o cliente,Baixa,Checklist,MILLS,Oracle,Produção,,3.2691666666666666
57327,2026-01-30 10:00:11+00:00,Aguardando o cliente,Baixa,Checklist,MILLS,Oracle,Produção,,3.274722222222222
57326,2026-01-30 10:00:04+00:00,Aguardando o cliente,Baixa,Checklist,MILLS,Oracle,Produção,,3.2913888888888887
57325,2026-01-30 10:00:04+00:00,Aguardando o cliente,Baixa,Checklist,MILLS,Oracle,Produção,,3.2913888888888887
57324,2026-01-30 10:00:03+00:00,Aguardando o cliente,Baixa,Checklist,MILLS,Oracle,Produção,,3.2916666666666665
57322,2026-01-30 10:00:03+00:00,Aguardando o cliente,Baixa,Checklist,MILLS,Oracle,Produção,,3.2913888888888887
57323,2026-01-30 10:00:03+00:00,Aguardando o cliente,Baixa,Checklist,MILLS,Oracle,Produção,,3.2916666666666665
57321,2026-01-30 09:56:34+00:00,Aguardando o cliente,Baixa,Checklist,NAO IDENTIFICADO,Sql Server,Produção,SES-CLO-BD-SER,2.405
57320,2026-01-30 09:55:29+00:00,Aguardando o cliente,Baixa,Checklist,NAO IDENTIFICADO,Sql Server,Produção,SES-SQL-PRD,2.43
57319,2026-01-30 09:55:27+00:00,Aguardando o cliente,Baixa,Checklist,NAO IDENTIFICADO,Sql Server,Produção,SRVBD,2.438888888888889
57318,2026-01-30 09:55:26+00:00,Aguardando o cliente,Baixa,Checklist,NAO IDENTIFICADO,Sql Server,Produção,CALIFORNIA,2.4455555555555555
57317,2026-01-30 09:55:24+00:00,Aguardando o cliente,Baixa,Checklist,NAO IDENTIFICADO,Sql Server,Produção,SRVBDADM,2.468888888888889
57316,2026-01-30 09:55:23+00:00,Aguardando o cliente,Baixa,Checklist,NAO IDENTIFICADO,Sql Server,Produção,SRVBDCD,2.4586111111111113
57315,2026-01-30 09:55:21+00:00,Aguardando o cliente,Baixa,Checklist,NAO IDENTIFICADO,Sql Server,Produção,SRVBDADM\BI,2.477222222222222
57314,2026-01-30 09:55:20+00:00,Aguardando o cliente,Baixa,Checklist,NAO IDENTIFICADO,Sql Server,Produção,SRVBDADM\BIMER,2.485
57313,2026-01-30 09:55:18+00:00,Aguardando o cliente,Baixa,Checklist,NAO IDENTIFICADO,Sql Server,Produção,SRVBDADM\PACK,2.4947222222222223
57312,2026-01-30 09:55:12+00:00,Aguardando o cliente,Baixa,Checklist,NAO IDENTIFICADO,Sql Server,Produção,SMLSAWSSQLVP01,3.3786111111111112
57311,2026-01-30 09:49:06+00:00,Aguardando o cliente,Baixa,Checklist,MILLS,Oracle,Produção,,3.4891666666666667
